[
   {
      "model":"chart.city",
      "fields":{
         "id":1,
         "name":"Tokyo",
         "country_id":28,
         "population":36923000
      }
   },
   {
      "model":"chart.city",
      "fields":{
         "id":2,
         "name":"Shanghai",
         "country_id":13,
         "population":34000000
      }
   },
   {
      "model":"chart.city",
      "fields":{
         "id":3,
         "name":"Jakarta",
         "country_id":19,
         "population":30000000
      }
   },
   {
      "model":"chart.city",
      "fields":{
         "id":4,
         "name":"Seoul",
         "country_id":21,
         "population":25514000
      }
   },
   {
      "model":"chart.city",
      "fields":{
         "id":5,
         "name":"Guangzhou",
         "country_id":13,
         "population":25000000
      }
   },
   {
      "model":"chart.city",
      "fields":{
         "id":6,
         "name":"Beijing",
         "country_id":13,
         "population":24900000
      }
   },
   {
      "model":"chart.city",
      "fields":{
         "id":7,
         "name":"Karachi",
         "country_id":22,
         "population":24300000
      }
   },
   {
      "model":"chart.city",
      "fields":{
         "id":8,
         "name":"Shenzhen",
         "country_id":13,
         "population":23300000
      }
   },
   {
      "model":"chart.city",
      "fields":{
         "id":9,
         "name":"Delhi",
         "country_id":25,
         "population":21753486
      }
   },
   {
      "model":"chart.city",
      "fields":{
         "id":10,
         "name":"Mexico City",
         "country_id":24,
         "population":21339781
      }
   },
   {
      "model":"chart.city",
      "fields":{
         "id":11,
         "name":"Lagos",
         "country_id":9,
         "population":21000000
      }
   },
   {
      "model":"chart.city",
      "fields":{
         "id":12,
         "name":"São Paulo",
         "country_id":1,
         "population":20935204
      }
   },
   {
      "model":"chart.city",
      "fields":{
         "id":13,
         "name":"Mumbai",
         "country_id":25,
         "population":20748395
      }
   },
   {
      "model":"chart.city",
      "fields":{
         "id":14,
         "name":"New York City",
         "country_id":20,
         "population":20092883
      }
   },
   {
      "model":"chart.city",
      "fields":{
         "id":15,
         "name":"Osaka",
         "country_id":28,
         "population":19342000
      }
   },
   {
      "model":"chart.city",
      "fields":{
         "id":16,
         "name":"Wuhan",
         "country_id":13,
         "population":19000000
      }
   },
   {
      "model":"chart.city",
      "fields":{
         "id":17,
         "name":"Chengdu",
         "country_id":13,
         "population":18100000
      }
   },
   {
      "model":"chart.city",
      "fields":{
         "id":18,
         "name":"Dhaka",
         "country_id":4,
         "population":17151925
      }
   },
   {
      "model":"chart.city",
      "fields":{
         "id":19,
         "name":"Chongqing",
         "country_id":13,
         "population":17000000
      }
   },
   {
      "model":"chart.city",
      "fields":{
         "id":20,
         "name":"Tianjin",
         "country_id":13,
         "population":15400000
      }
   },
   {
      "model":"chart.city",
      "fields":{
         "id":21,
         "name":"Kolkata",
         "country_id":25,
         "population":14617882
      }
   },
   {
      "model":"chart.city",
      "fields":{
         "id":22,
         "name":"Tehran",
         "country_id":11,
         "population":14595904
      }
   },
   {
      "model":"chart.city",
      "fields":{
         "id":23,
         "name":"Istanbul",
         "country_id":2,
         "population":14377018
      }
   },
   {
      "model":"chart.city",
      "fields":{
         "id":24,
         "name":"London",
         "country_id":26,
         "population":14031830
      }
   },
   {
      "model":"chart.city",
      "fields":{
         "id":25,
         "name":"Hangzhou",
         "country_id":13,
         "population":13400000
      }
   },
   {
      "model":"chart.city",
      "fields":{
         "id":26,
         "name":"Los Angeles",
         "country_id":20,
         "population":13262220
      }
   },
   {
      "model":"chart.city",
      "fields":{
         "id":27,
         "name":"Buenos Aires",
         "country_id":8,
         "population":13074000
      }
   },
   {
      "model":"chart.city",
      "fields":{
         "id":28,
         "name":"Xi'an",
         "country_id":13,
         "population":12900000
      }
   },
   {
      "model":"chart.city",
      "fields":{
         "id":29,
         "name":"Paris",
         "country_id":6,
         "population":12405426
      }
   },
   {
      "model":"chart.city",
      "fields":{
         "id":30,
         "name":"Changzhou",
         "country_id":13,
         "population":12400000
      }
   },
   {
      "model":"chart.city",
      "fields":{
         "id":31,
         "name":"Shantou",
         "country_id":13,
         "population":12000000
      }
   },
   {
      "model":"chart.city",
      "fields":{
         "id":32,
         "name":"Rio de Janeiro",
         "country_id":1,
         "population":11973505
      }
   },
   {
      "model":"chart.city",
      "fields":{
         "id":33,
         "name":"Manila",
         "country_id":18,
         "population":11855975
      }
   },
   {
      "model":"chart.city",
      "fields":{
         "id":34,
         "name":"Nanjing",
         "country_id":13,
         "population":11700000
      }
   },
   {
      "model":"chart.city",
      "fields":{
         "id":35,
         "name":"Rhine-Ruhr",
         "country_id":16,
         "population":11470000
      }
   },
   {
      "model":"chart.city",
      "fields":{
         "id":36,
         "name":"Jinan",
         "country_id":13,
         "population":11000000
      }
   },
   {
      "model":"chart.city",
      "fields":{
         "id":37,
         "name":"Bangalore",
         "country_id":25,
         "population":10576167
      }
   },
   {
      "model":"chart.city",
      "fields":{
         "id":38,
         "name":"Harbin",
         "country_id":13,
         "population":10500000
      }
   },
   {
      "model":"chart.city",
      "fields":{
         "id":39,
         "name":"Lima",
         "country_id":7,
         "population":9886647
      }
   },
   {
      "model":"chart.city",
      "fields":{
         "id":40,
         "name":"Zhengzhou",
         "country_id":13,
         "population":9700000
      }
   },
   {
      "model":"chart.city",
      "fields":{
         "id":41,
         "name":"Qingdao",
         "country_id":13,
         "population":9600000
      }
   },
   {
      "model":"chart.city",
      "fields":{
         "id":42,
         "name":"Chicago",
         "country_id":20,
         "population":9554598
      }
   },
   {
      "model":"chart.city",
      "fields":{
         "id":43,
         "name":"Nagoya",
         "country_id":28,
         "population":9107000
      }
   },
   {
      "model":"chart.city",
      "fields":{
         "id":44,
         "name":"Chennai",
         "country_id":25,
         "population":8917749
      }
   },
   {
      "model":"chart.city",
      "fields":{
         "id":45,
         "name":"Bangkok",
         "country_id":15,
         "population":8305218
      }
   },
   {
      "model":"chart.city",
      "fields":{
         "id":46,
         "name":"Bogotá",
         "country_id":27,
         "population":7878783
      }
   },
   {
      "model":"chart.city",
      "fields":{
         "id":47,
         "name":"Hyderabad",
         "country_id":25,
         "population":7749334
      }
   },
   {
      "model":"chart.city",
      "fields":{
         "id":48,
         "name":"Shenyang",
         "country_id":13,
         "population":7700000
      }
   },
   {
      "model":"chart.city",
      "fields":{
         "id":49,
         "name":"Wenzhou",
         "country_id":13,
         "population":7600000
      }
   },
   {
      "model":"chart.city",
      "fields":{
         "id":50,
         "name":"Nanchang",
         "country_id":13,
         "population":7400000
      }
   },
   {
      "model":"chart.city",
      "fields":{
         "id":51,
         "name":"Hong Kong",
         "country_id":13,
         "population":7298600
      }
   },
   {
      "model":"chart.city",
      "fields":{
         "id":52,
         "name":"Taipei",
         "country_id":29,
         "population":7045488
      }
   },
   {
      "model":"chart.city",
      "fields":{
         "id":53,
         "name":"Dallas–Fort Worth",
         "country_id":20,
         "population":6954330
      }
   },
   {
      "model":"chart.city",
      "fields":{
         "id":54,
         "name":"Santiago",
         "country_id":14,
         "population":6683852
      }
   },
   {
      "model":"chart.city",
      "fields":{
         "id":55,
         "name":"Luanda",
         "country_id":23,
         "population":6542944
      }
   },
   {
      "model":"chart.city",
      "fields":{
         "id":56,
         "name":"Houston",
         "country_id":20,
         "population":6490180
      }
   },
   {
      "model":"chart.city",
      "fields":{
         "id":57,
         "name":"Madrid",
         "country_id":17,
         "population":6378297
      }
   },
   {
      "model":"chart.city",
      "fields":{
         "id":58,
         "name":"Ahmedabad",
         "country_id":25,
         "population":6352254
      }
   },
   {
      "model":"chart.city",
      "fields":{
         "id":59,
         "name":"Toronto",
         "country_id":5,
         "population":6055724
      }
   },
   {
      "model":"chart.city",
      "fields":{
         "id":60,
         "name":"Philadelphia",
         "country_id":20,
         "population":6051170
      }
   },
   {
      "model":"chart.city",
      "fields":{
         "id":61,
         "name":"Washington, D.C.",
         "country_id":20,
         "population":6033737
      }
   },
   {
      "model":"chart.city",
      "fields":{
         "id":62,
         "name":"Miami",
         "country_id":20,
         "population":5929819
      }
   },
   {
      "model":"chart.city",
      "fields":{
         "id":63,
         "name":"Belo Horizonte",
         "country_id":1,
         "population":5767414
      }
   },
   {
      "model":"chart.city",
      "fields":{
         "id":64,
         "name":"Atlanta",
         "country_id":20,
         "population":5614323
      }
   },
   {
      "model":"chart.city",
      "fields":{
         "id":65,
         "name":"Singapore",
         "country_id":12,
         "population":5535000
      }
   },
   {
      "model":"chart.city",
      "fields":{
         "id":66,
         "name":"Barcelona",
         "country_id":17,
         "population":5445616
      }
   },
   {
      "model":"chart.city",
      "fields":{
         "id":67,
         "name":"Munich",
         "country_id":16,
         "population":5203738
      }
   },
   {
      "model":"chart.city",
      "fields":{
         "id":68,
         "name":"Stuttgart",
         "country_id":16,
         "population":5200000
      }
   },
   {
      "model":"chart.city",
      "fields":{
         "id":69,
         "name":"Ankara",
         "country_id":2,
         "population":5150072
      }
   },
   {
      "model":"chart.city",
      "fields":{
         "id":70,
         "name":"Hamburg",
         "country_id":16,
         "population":5100000
      }
   },
   {
      "model":"chart.city",
      "fields":{
         "id":71,
         "name":"Pune",
         "country_id":25,
         "population":5049968
      }
   },
   {
      "model":"chart.city",
      "fields":{
         "id":72,
         "name":"Berlin",
         "country_id":16,
         "population":5005216
      }
   },
   {
      "model":"chart.city",
      "fields":{
         "id":73,
         "name":"Guadalajara",
         "country_id":24,
         "population":4796050
      }
   },
   {
      "model":"chart.city",
      "fields":{
         "id":74,
         "name":"Boston",
         "country_id":20,
         "population":4732161
      }
   },
   {
      "model":"chart.city",
      "fields":{
         "id":75,
         "name":"Sydney",
         "country_id":10,
         "population":5000500
      }
   },
   {
      "model":"chart.city",
      "fields":{
         "id":76,
         "name":"San Francisco",
         "country_id":20,
         "population":4594060
      }
   },
   {
      "model":"chart.city",
      "fields":{
         "id":77,
         "name":"Surat",
         "country_id":25,
         "population":4585367
      }
   },
   {
      "model":"chart.city",
      "fields":{
         "id":78,
         "name":"Phoenix",
         "country_id":20,
         "population":4489109
      }
   },
   {
      "model":"chart.city",
      "fields":{
         "id":79,
         "name":"Monterrey",
         "country_id":24,
         "population":4477614
      }
   },
   {
      "model":"chart.city",
      "fields":{
         "id":80,
         "name":"Inland Empire",
         "country_id":20,
         "population":4441890
      }
   },
   {
      "model":"chart.city",
      "fields":{
         "id":81,
         "name":"Rome",
         "country_id":3,
         "population":4321244
      }
   },
   {
      "model":"chart.city",
      "fields":{
         "id":82,
         "name":"Detroit",
         "country_id":20,
         "population":4296611
      }
   },
   {
      "model":"chart.city",
      "fields":{
         "id":83,
         "name":"Milan",
         "country_id":3,
         "population":4267946
      }
   },
   {
      "model":"chart.city",
      "fields":{
         "id":84,
         "name":"Melbourne",
         "country_id":10,
         "population":4650000
      }
   }
]