[
   {
      "model":"chart.country",
      "fields":{
         "id":1,
         "name":"Brazil"
      }
   },
   {
      "model":"chart.country",
      "fields":{
         "id":2,
         "name":"Turkey"
      }
   },
   {
      "model":"chart.country",
      "fields":{
         "id":3,
         "name":"Italy"
      }
   },
   {
      "model":"chart.country",
      "fields":{
         "id":4,
         "name":"Bangladesh"
      }
   },
   {
      "model":"chart.country",
      "fields":{
         "id":5,
         "name":"Canada"
      }
   },
   {
      "model":"chart.country",
      "fields":{
         "id":6,
         "name":"France"
      }
   },
   {
      "model":"chart.country",
      "fields":{
         "id":7,
         "name":"Peru"
      }
   },
   {
      "model":"chart.country",
      "fields":{
         "id":8,
         "name":"Argentina"
      }
   },
   {
      "model":"chart.country",
      "fields":{
         "id":9,
         "name":"Nigeria"
      }
   },
   {
      "model":"chart.country",
      "fields":{
         "id":10,
         "name":"Australia"
      }
   },
   {
      "model":"chart.country",
      "fields":{
         "id":11,
         "name":"Iran"
      }
   },
   {
      "model":"chart.country",
      "fields":{
         "id":12,
         "name":"Singapore"
      }
   },
   {
      "model":"chart.country",
      "fields":{
         "id":13,
         "name":"China"
      }
   },
   {
      "model":"chart.country",
      "fields":{
         "id":14,
         "name":"Chile"
      }
   },
   {
      "model":"chart.country",
      "fields":{
         "id":15,
         "name":"Thailand"
      }
   },
   {
      "model":"chart.country",
      "fields":{
         "id":16,
         "name":"Germany"
      }
   },
   {
      "model":"chart.country",
      "fields":{
         "id":17,
         "name":"Spain"
      }
   },
   {
      "model":"chart.country",
      "fields":{
         "id":18,
         "name":"Philippines"
      }
   },
   {
      "model":"chart.country",
      "fields":{
         "id":19,
         "name":"Indonesia"
      }
   },
   {
      "model":"chart.country",
      "fields":{
         "id":20,
         "name":"United States"
      }
   },
   {
      "model":"chart.country",
      "fields":{
         "id":21,
         "name":"South Korea"
      }
   },
   {
      "model":"chart.country",
      "fields":{
         "id":22,
         "name":"Pakistan"
      }
   },
   {
      "model":"chart.country",
      "fields":{
         "id":23,
         "name":"Angola"
      }
   },
   {
      "model":"chart.country",
      "fields":{
         "id":24,
         "name":"Mexico"
      }
   },
   {
      "model":"chart.country",
      "fields":{
         "id":25,
         "name":"India"
      }
   },
   {
      "model":"chart.country",
      "fields":{
         "id":26,
         "name":"United Kingdom"
      }
   },
   {
      "model":"chart.country",
      "fields":{
         "id":27,
         "name":"Colombia"
      }
   },
   {
      "model":"chart.country",
      "fields":{
         "id":28,
         "name":"Japan"
      }
   },
   {
      "model":"chart.country",
      "fields":{
         "id":29,
         "name":"Taiwan"
      }
   }
]